{
  "project_info": {
    "project_number": "1044487895798",
    "firebase_url": "https://spicychorizo-794f1.firebaseio.com",
    "project_id": "spicychorizo-794f1",
    "storage_bucket": "spicychorizo-794f1.appspot.com"
  },
  "client": [
    {
      "client_info": {
        "mobilesdk_app_id": "1:1044487895798:android:57684e33aba49ec92acad7",
        "android_client_info": {
          "package_name": "com.example.particle"
        }
      },
      "oauth_client": [
        {
          "client_id": "1044487895798-c31437rqb67l1dhji1np7sdal990go8h.apps.googleusercontent.com",
          "client_type": 3
        }
      ],
      "api_key": [
        {
          "current_key": "AIzaSyBMcF5WHJizSRdS2a3X39YsqP07ZIT5Iwc"
        }
      ],
      "services": {
        "appinvite_service": {
          "other_platform_oauth_client": [
            {
              "client_id": "1044487895798-c31437rqb67l1dhji1np7sdal990go8h.apps.googleusercontent.com",
              "client_type": 3
            }
          ]
        }
      }
    }
  ],
  "configuration_version": "1"
}